folder_num,video_name,labels,class_label
19,19_485.avi,cg,1
19,19_480.avi,cg,1
19,19_491.avi,cg,1
19,19_520.avi,cg,1
19,19_522.avi,cg,1
19,19_496.avi,cg,1
19,19_493.avi,cg,1
19,19_512.avi,cg,1
19,19_507.avi,cg,1
19,19_513.avi,cg,1
19,19_505.avi,cg,1
19,19_524.avi,cg,1
19,19_509.avi,cg,1
19,19_495.avi,cg,1
19,19_494.avi,cg,1
19,19_481.avi,cg,1
19,19_497.avi,cg,1
19,19_501.avi,cg,1
19,19_521.avi,cg,1
19,19_514.avi,cg,1
19,19_498.avi,cg,1
19,19_519.avi,cg,1
19,19_527.avi,cg,1
19,19_483.avi,cg,1
19,19_489.avi,cg,1
19,19_517.avi,cg,1
19,19_516.avi,cg,1
19,19_502.avi,cg,1
19,19_484.avi,cg,1
19,19_499.avi,cg,1
19,19_526.avi,cg,1
19,19_490.avi,cg,1
19,19_492.avi,cg,1
19,19_511.avi,cg,1
19,19_518.avi,cg,1
19,19_488.avi,cg,1
19,19_487.avi,cg,1
19,19_503.avi,cg,1
19,19_504.avi,cg,1
19,19_525.avi,cg,1
19,19_486.avi,cg,1
19,19_508.avi,cg,1
19,19_506.avi,cg,1
19,19_515.avi,cg,1
19,19_500.avi,cg,1
19,19_510.avi,cg,1
19,19_482.avi,cg,1
19,19_523.avi,cg,1
25,25_783.avi,cg,1
25,25_793.avi,cg,1
25,25_786.avi,cg,1
25,25_773.avi,cg,1
25,25_769.avi,cg,1
25,25_790.avi,cg,1
25,25_809.avi,cg,1
25,25_772.avi,cg,1
25,25_791.avi,cg,1
25,25_795.avi,cg,1
25,25_778.avi,cg,1
25,25_774.avi,cg,1
25,25_802.avi,cg,1
25,25_801.avi,cg,1
25,25_807.avi,cg,1
25,25_803.avi,cg,1
25,25_805.avi,cg,1
25,25_811.avi,cg,1
25,25_787.avi,cg,1
25,25_796.avi,cg,1
25,25_768.avi,cg,1
25,25_789.avi,cg,1
25,25_777.avi,cg,1
25,25_815.avi,cg,1
25,25_792.avi,cg,1
25,25_814.avi,cg,1
25,25_784.avi,cg,1
25,25_775.avi,cg,1
25,25_780.avi,cg,1
25,25_810.avi,cg,1
25,25_808.avi,cg,1
25,25_797.avi,cg,1
25,25_776.avi,cg,1
25,25_798.avi,cg,1
25,25_804.avi,cg,1
25,25_806.avi,cg,1
25,25_788.avi,cg,1
25,25_779.avi,cg,1
25,25_800.avi,cg,1
25,25_812.avi,cg,1
25,25_771.avi,cg,1
25,25_782.avi,cg,1
25,25_785.avi,cg,1
25,25_781.avi,cg,1
25,25_813.avi,cg,1
25,25_794.avi,cg,1
25,25_770.avi,cg,1
25,25_799.avi,cg,1
35,35_1288.avi,mock,2
35,35_1287.avi,mock,2
35,35_1248.avi,mock,2
35,35_1267.avi,mock,2
35,35_1264.avi,mock,2
35,35_1270.avi,mock,2
35,35_1263.avi,mock,2
35,35_1258.avi,mock,2
35,35_1284.avi,mock,2
35,35_1262.avi,mock,2
35,35_1286.avi,mock,2
35,35_1293.avi,mock,2
35,35_1251.avi,mock,2
35,35_1249.avi,mock,2
35,35_1295.avi,mock,2
35,35_1283.avi,mock,2
35,35_1276.avi,mock,2
35,35_1268.avi,mock,2
35,35_1277.avi,mock,2
35,35_1282.avi,mock,2
35,35_1285.avi,mock,2
35,35_1278.avi,mock,2
35,35_1280.avi,mock,2
35,35_1275.avi,mock,2
35,35_1279.avi,mock,2
35,35_1290.avi,mock,2
35,35_1250.avi,mock,2
35,35_1281.avi,mock,2
35,35_1271.avi,mock,2
35,35_1253.avi,mock,2
35,35_1269.avi,mock,2
35,35_1291.avi,mock,2
35,35_1273.avi,mock,2
35,35_1252.avi,mock,2
35,35_1259.avi,mock,2
35,35_1292.avi,mock,2
35,35_1274.avi,mock,2
35,35_1254.avi,mock,2
35,35_1257.avi,mock,2
35,35_1294.avi,mock,2
35,35_1289.avi,mock,2
35,35_1272.avi,mock,2
35,35_1266.avi,mock,2
35,35_1260.avi,mock,2
35,35_1255.avi,mock,2
35,35_1265.avi,mock,2
35,35_1256.avi,mock,2
35,35_1261.avi,mock,2
6,6_249.avi,mock,2
6,6_272.avi,mock,2
6,6_281.avi,mock,2
6,6_274.avi,mock,2
6,6_269.avi,mock,2
6,6_266.avi,mock,2
6,6_257.avi,mock,2
6,6_242.avi,mock,2
6,6_240.avi,mock,2
6,6_262.avi,mock,2
6,6_251.avi,mock,2
6,6_253.avi,mock,2
6,6_250.avi,mock,2
6,6_279.avi,mock,2
6,6_273.avi,mock,2
6,6_282.avi,mock,2
6,6_261.avi,mock,2
6,6_268.avi,mock,2
6,6_247.avi,mock,2
6,6_254.avi,mock,2
6,6_270.avi,mock,2
6,6_285.avi,mock,2
6,6_287.avi,mock,2
6,6_246.avi,mock,2
6,6_283.avi,mock,2
6,6_277.avi,mock,2
6,6_280.avi,mock,2
6,6_263.avi,mock,2
6,6_286.avi,mock,2
6,6_276.avi,mock,2
6,6_265.avi,mock,2
6,6_244.avi,mock,2
6,6_275.avi,mock,2
6,6_267.avi,mock,2
6,6_243.avi,mock,2
6,6_256.avi,mock,2
6,6_271.avi,mock,2
6,6_245.avi,mock,2
6,6_241.avi,mock,2
6,6_259.avi,mock,2
6,6_255.avi,mock,2
6,6_284.avi,mock,2
6,6_260.avi,mock,2
6,6_258.avi,mock,2
6,6_248.avi,mock,2
6,6_252.avi,mock,2
6,6_278.avi,mock,2
6,6_264.avi,mock,2
18,18_443.avi,ca,0
18,18_458.avi,ca,0
18,18_464.avi,ca,0
18,18_452.avi,ca,0
18,18_477.avi,ca,0
18,18_440.avi,ca,0
18,18_474.avi,ca,0
18,18_457.avi,ca,0
18,18_448.avi,ca,0
18,18_476.avi,ca,0
18,18_463.avi,ca,0
18,18_460.avi,ca,0
18,18_442.avi,ca,0
18,18_454.avi,ca,0
18,18_447.avi,ca,0
18,18_435.avi,ca,0
18,18_445.avi,ca,0
18,18_469.avi,ca,0
18,18_436.avi,ca,0
18,18_439.avi,ca,0
18,18_461.avi,ca,0
18,18_455.avi,ca,0
18,18_453.avi,ca,0
18,18_446.avi,ca,0
18,18_479.avi,ca,0
18,18_475.avi,ca,0
18,18_468.avi,ca,0
18,18_438.avi,ca,0
18,18_470.avi,ca,0
18,18_449.avi,ca,0
18,18_432.avi,ca,0
18,18_459.avi,ca,0
18,18_437.avi,ca,0
18,18_471.avi,ca,0
18,18_467.avi,ca,0
18,18_462.avi,ca,0
18,18_456.avi,ca,0
18,18_450.avi,ca,0
18,18_472.avi,ca,0
18,18_478.avi,ca,0
18,18_466.avi,ca,0
18,18_473.avi,ca,0
18,18_433.avi,ca,0
18,18_434.avi,ca,0
18,18_465.avi,ca,0
18,18_444.avi,ca,0
18,18_441.avi,ca,0
18,18_451.avi,ca,0
34,34_1208.avi,cg,1
34,34_1230.avi,cg,1
34,34_1202.avi,cg,1
34,34_1228.avi,cg,1
34,34_1239.avi,cg,1
34,34_1214.avi,cg,1
34,34_1209.avi,cg,1
34,34_1226.avi,cg,1
34,34_1229.avi,cg,1
34,34_1221.avi,cg,1
34,34_1240.avi,cg,1
34,34_1201.avi,cg,1
34,34_1204.avi,cg,1
34,34_1203.avi,cg,1
34,34_1222.avi,cg,1
34,34_1215.avi,cg,1
34,34_1217.avi,cg,1
34,34_1220.avi,cg,1
34,34_1213.avi,cg,1
34,34_1237.avi,cg,1
34,34_1200.avi,cg,1
34,34_1238.avi,cg,1
34,34_1244.avi,cg,1
34,34_1236.avi,cg,1
34,34_1246.avi,cg,1
34,34_1210.avi,cg,1
34,34_1232.avi,cg,1
34,34_1211.avi,cg,1
34,34_1241.avi,cg,1
34,34_1235.avi,cg,1
34,34_1205.avi,cg,1
34,34_1219.avi,cg,1
34,34_1245.avi,cg,1
34,34_1224.avi,cg,1
34,34_1227.avi,cg,1
34,34_1218.avi,cg,1
34,34_1234.avi,cg,1
34,34_1212.avi,cg,1
34,34_1225.avi,cg,1
34,34_1216.avi,cg,1
34,34_1231.avi,cg,1
34,34_1242.avi,cg,1
34,34_1247.avi,cg,1
34,34_1233.avi,cg,1
34,34_1207.avi,cg,1
34,34_1243.avi,cg,1
34,34_1206.avi,cg,1
34,34_1223.avi,cg,1
24,24_736.avi,ca,0
24,24_765.avi,ca,0
24,24_752.avi,ca,0
24,24_760.avi,ca,0
24,24_730.avi,ca,0
24,24_725.avi,ca,0
24,24_731.avi,ca,0
24,24_737.avi,ca,0
24,24_763.avi,ca,0
24,24_740.avi,ca,0
24,24_764.avi,ca,0
24,24_761.avi,ca,0
24,24_721.avi,ca,0
24,24_732.avi,ca,0
24,24_750.avi,ca,0
24,24_766.avi,ca,0
24,24_754.avi,ca,0
24,24_738.avi,ca,0
24,24_724.avi,ca,0
24,24_746.avi,ca,0
24,24_745.avi,ca,0
24,24_747.avi,ca,0
24,24_759.avi,ca,0
24,24_758.avi,ca,0
24,24_729.avi,ca,0
24,24_753.avi,ca,0
24,24_755.avi,ca,0
24,24_739.avi,ca,0
24,24_751.avi,ca,0
24,24_743.avi,ca,0
24,24_723.avi,ca,0
24,24_728.avi,ca,0
24,24_742.avi,ca,0
24,24_735.avi,ca,0
24,24_726.avi,ca,0
24,24_733.avi,ca,0
24,24_744.avi,ca,0
24,24_727.avi,ca,0
24,24_734.avi,ca,0
24,24_767.avi,ca,0
24,24_756.avi,ca,0
24,24_720.avi,ca,0
24,24_748.avi,ca,0
24,24_757.avi,ca,0
24,24_749.avi,ca,0
24,24_741.avi,ca,0
24,24_762.avi,ca,0
24,24_722.avi,ca,0
2,2_55.avi,cg,1
2,2_68.avi,cg,1
2,2_65.avi,cg,1
2,2_94.avi,cg,1
2,2_80.avi,cg,1
2,2_71.avi,cg,1
2,2_53.avi,cg,1
2,2_88.avi,cg,1
2,2_83.avi,cg,1
2,2_57.avi,cg,1
2,2_63.avi,cg,1
2,2_90.avi,cg,1
2,2_75.avi,cg,1
2,2_67.avi,cg,1
2,2_49.avi,cg,1
2,2_64.avi,cg,1
2,2_60.avi,cg,1
2,2_91.avi,cg,1
2,2_82.avi,cg,1
2,2_50.avi,cg,1
2,2_59.avi,cg,1
2,2_79.avi,cg,1
2,2_92.avi,cg,1
2,2_66.avi,cg,1
2,2_76.avi,cg,1
2,2_86.avi,cg,1
2,2_73.avi,cg,1
2,2_95.avi,cg,1
2,2_56.avi,cg,1
2,2_61.avi,cg,1
2,2_48.avi,cg,1
2,2_89.avi,cg,1
2,2_84.avi,cg,1
2,2_81.avi,cg,1
2,2_77.avi,cg,1
2,2_85.avi,cg,1
2,2_74.avi,cg,1
2,2_54.avi,cg,1
2,2_51.avi,cg,1
2,2_52.avi,cg,1
2,2_58.avi,cg,1
2,2_70.avi,cg,1
2,2_62.avi,cg,1
2,2_87.avi,cg,1
2,2_78.avi,cg,1
2,2_93.avi,cg,1
2,2_72.avi,cg,1
2,2_69.avi,cg,1
21,21_612.avi,ca,0
21,21_611.avi,ca,0
21,21_606.avi,ca,0
21,21_591.avi,ca,0
21,21_615.avi,ca,0
21,21_620.avi,ca,0
21,21_619.avi,ca,0
21,21_585.avi,ca,0
21,21_587.avi,ca,0
21,21_580.avi,ca,0
21,21_578.avi,ca,0
21,21_610.avi,ca,0
21,21_595.avi,ca,0
21,21_601.avi,ca,0
21,21_577.avi,ca,0
21,21_582.avi,ca,0
21,21_590.avi,ca,0
21,21_589.avi,ca,0
21,21_613.avi,ca,0
21,21_622.avi,ca,0
21,21_618.avi,ca,0
21,21_576.avi,ca,0
21,21_581.avi,ca,0
21,21_598.avi,ca,0
21,21_588.avi,ca,0
21,21_604.avi,ca,0
21,21_593.avi,ca,0
21,21_616.avi,ca,0
21,21_603.avi,ca,0
21,21_608.avi,ca,0
21,21_583.avi,ca,0
21,21_605.avi,ca,0
21,21_621.avi,ca,0
21,21_579.avi,ca,0
21,21_594.avi,ca,0
21,21_602.avi,ca,0
21,21_607.avi,ca,0
21,21_599.avi,ca,0
21,21_614.avi,ca,0
21,21_597.avi,ca,0
21,21_609.avi,ca,0
21,21_623.avi,ca,0
21,21_584.avi,ca,0
21,21_617.avi,ca,0
21,21_586.avi,ca,0
21,21_592.avi,ca,0
21,21_600.avi,ca,0
21,21_596.avi,ca,0
20,20_569.avi,mock,2
20,20_528.avi,mock,2
20,20_545.avi,mock,2
20,20_575.avi,mock,2
20,20_544.avi,mock,2
20,20_552.avi,mock,2
20,20_549.avi,mock,2
20,20_571.avi,mock,2
20,20_534.avi,mock,2
20,20_543.avi,mock,2
20,20_572.avi,mock,2
20,20_533.avi,mock,2
20,20_548.avi,mock,2
20,20_551.avi,mock,2
20,20_550.avi,mock,2
20,20_574.avi,mock,2
20,20_541.avi,mock,2
20,20_547.avi,mock,2
20,20_567.avi,mock,2
20,20_532.avi,mock,2
20,20_559.avi,mock,2
20,20_546.avi,mock,2
20,20_536.avi,mock,2
20,20_553.avi,mock,2
20,20_564.avi,mock,2
20,20_537.avi,mock,2
20,20_566.avi,mock,2
20,20_538.avi,mock,2
20,20_530.avi,mock,2
20,20_558.avi,mock,2
20,20_529.avi,mock,2
20,20_568.avi,mock,2
20,20_565.avi,mock,2
20,20_563.avi,mock,2
20,20_562.avi,mock,2
20,20_556.avi,mock,2
20,20_531.avi,mock,2
20,20_542.avi,mock,2
20,20_554.avi,mock,2
20,20_539.avi,mock,2
20,20_555.avi,mock,2
20,20_573.avi,mock,2
20,20_557.avi,mock,2
20,20_540.avi,mock,2
20,20_535.avi,mock,2
20,20_561.avi,mock,2
20,20_570.avi,mock,2
20,20_560.avi,mock,2
23,23_701.avi,mock,2
23,23_682.avi,mock,2
23,23_679.avi,mock,2
23,23_688.avi,mock,2
23,23_690.avi,mock,2
23,23_692.avi,mock,2
23,23_681.avi,mock,2
23,23_700.avi,mock,2
23,23_703.avi,mock,2
23,23_677.avi,mock,2
23,23_689.avi,mock,2
23,23_707.avi,mock,2
23,23_715.avi,mock,2
23,23_684.avi,mock,2
23,23_695.avi,mock,2
23,23_691.avi,mock,2
23,23_680.avi,mock,2
23,23_694.avi,mock,2
23,23_687.avi,mock,2
23,23_696.avi,mock,2
23,23_706.avi,mock,2
23,23_675.avi,mock,2
23,23_705.avi,mock,2
23,23_674.avi,mock,2
23,23_717.avi,mock,2
23,23_676.avi,mock,2
23,23_672.avi,mock,2
23,23_686.avi,mock,2
23,23_702.avi,mock,2
23,23_711.avi,mock,2
23,23_718.avi,mock,2
23,23_719.avi,mock,2
23,23_698.avi,mock,2
23,23_713.avi,mock,2
23,23_673.avi,mock,2
23,23_709.avi,mock,2
23,23_716.avi,mock,2
23,23_683.avi,mock,2
23,23_704.avi,mock,2
23,23_714.avi,mock,2
23,23_708.avi,mock,2
23,23_712.avi,mock,2
23,23_697.avi,mock,2
23,23_710.avi,mock,2
23,23_693.avi,mock,2
23,23_699.avi,mock,2
23,23_685.avi,mock,2
23,23_678.avi,mock,2
14,14_357.avi,cg,1
14,14_337.avi,cg,1
14,14_352.avi,cg,1
14,14_369.avi,cg,1
14,14_382.avi,cg,1
14,14_364.avi,cg,1
14,14_363.avi,cg,1
14,14_341.avi,cg,1
14,14_383.avi,cg,1
14,14_354.avi,cg,1
14,14_377.avi,cg,1
14,14_376.avi,cg,1
14,14_367.avi,cg,1
14,14_359.avi,cg,1
14,14_356.avi,cg,1
14,14_358.avi,cg,1
14,14_362.avi,cg,1
14,14_344.avi,cg,1
14,14_348.avi,cg,1
14,14_338.avi,cg,1
14,14_361.avi,cg,1
14,14_343.avi,cg,1
14,14_339.avi,cg,1
14,14_347.avi,cg,1
14,14_353.avi,cg,1
14,14_360.avi,cg,1
14,14_375.avi,cg,1
14,14_372.avi,cg,1
14,14_368.avi,cg,1
14,14_342.avi,cg,1
14,14_378.avi,cg,1
14,14_351.avi,cg,1
14,14_374.avi,cg,1
14,14_381.avi,cg,1
14,14_336.avi,cg,1
14,14_350.avi,cg,1
14,14_340.avi,cg,1
14,14_365.avi,cg,1
14,14_370.avi,cg,1
14,14_366.avi,cg,1
14,14_373.avi,cg,1
14,14_379.avi,cg,1
14,14_371.avi,cg,1
14,14_349.avi,cg,1
14,14_380.avi,cg,1
14,14_346.avi,cg,1
14,14_355.avi,cg,1
14,14_345.avi,cg,1
3,3_129.avi,mock,2
3,3_98.avi,mock,2
3,3_133.avi,mock,2
3,3_130.avi,mock,2
3,3_116.avi,mock,2
3,3_102.avi,mock,2
3,3_143.avi,mock,2
3,3_125.avi,mock,2
3,3_142.avi,mock,2
3,3_112.avi,mock,2
3,3_110.avi,mock,2
3,3_140.avi,mock,2
3,3_103.avi,mock,2
3,3_124.avi,mock,2
3,3_105.avi,mock,2
3,3_100.avi,mock,2
3,3_121.avi,mock,2
3,3_111.avi,mock,2
3,3_134.avi,mock,2
3,3_128.avi,mock,2
3,3_113.avi,mock,2
3,3_136.avi,mock,2
3,3_99.avi,mock,2
3,3_122.avi,mock,2
3,3_118.avi,mock,2
3,3_119.avi,mock,2
3,3_131.avi,mock,2
3,3_139.avi,mock,2
3,3_106.avi,mock,2
3,3_132.avi,mock,2
3,3_138.avi,mock,2
3,3_127.avi,mock,2
3,3_101.avi,mock,2
3,3_97.avi,mock,2
3,3_123.avi,mock,2
3,3_96.avi,mock,2
3,3_141.avi,mock,2
3,3_104.avi,mock,2
3,3_107.avi,mock,2
3,3_108.avi,mock,2
3,3_126.avi,mock,2
3,3_135.avi,mock,2
3,3_120.avi,mock,2
3,3_114.avi,mock,2
3,3_109.avi,mock,2
3,3_137.avi,mock,2
3,3_115.avi,mock,2
3,3_117.avi,mock,2
27,27_877.avi,ca,0
27,27_878.avi,ca,0
27,27_885.avi,ca,0
27,27_870.avi,ca,0
27,27_902.avi,ca,0
27,27_906.avi,ca,0
27,27_864.avi,ca,0
27,27_887.avi,ca,0
27,27_911.avi,ca,0
27,27_907.avi,ca,0
27,27_890.avi,ca,0
27,27_901.avi,ca,0
27,27_899.avi,ca,0
27,27_868.avi,ca,0
27,27_898.avi,ca,0
27,27_897.avi,ca,0
27,27_895.avi,ca,0
27,27_882.avi,ca,0
27,27_872.avi,ca,0
27,27_910.avi,ca,0
27,27_904.avi,ca,0
27,27_896.avi,ca,0
27,27_888.avi,ca,0
27,27_889.avi,ca,0
27,27_865.avi,ca,0
27,27_891.avi,ca,0
27,27_879.avi,ca,0
27,27_869.avi,ca,0
27,27_903.avi,ca,0
27,27_894.avi,ca,0
27,27_884.avi,ca,0
27,27_905.avi,ca,0
27,27_873.avi,ca,0
27,27_881.avi,ca,0
27,27_908.avi,ca,0
27,27_875.avi,ca,0
27,27_886.avi,ca,0
27,27_871.avi,ca,0
27,27_874.avi,ca,0
27,27_900.avi,ca,0
27,27_867.avi,ca,0
27,27_876.avi,ca,0
27,27_893.avi,ca,0
27,27_880.avi,ca,0
27,27_883.avi,ca,0
27,27_866.avi,ca,0
27,27_892.avi,ca,0
27,27_909.avi,ca,0
5,5_207.avi,cg,1
5,5_219.avi,cg,1
5,5_193.avi,cg,1
5,5_209.avi,cg,1
5,5_198.avi,cg,1
5,5_220.avi,cg,1
5,5_214.avi,cg,1
5,5_226.avi,cg,1
5,5_225.avi,cg,1
5,5_232.avi,cg,1
5,5_206.avi,cg,1
5,5_230.avi,cg,1
5,5_201.avi,cg,1
5,5_194.avi,cg,1
5,5_213.avi,cg,1
5,5_217.avi,cg,1
5,5_210.avi,cg,1
5,5_199.avi,cg,1
5,5_222.avi,cg,1
5,5_192.avi,cg,1
5,5_197.avi,cg,1
5,5_204.avi,cg,1
5,5_221.avi,cg,1
5,5_200.avi,cg,1
5,5_239.avi,cg,1
5,5_231.avi,cg,1
5,5_202.avi,cg,1
5,5_216.avi,cg,1
5,5_233.avi,cg,1
5,5_211.avi,cg,1
5,5_212.avi,cg,1
5,5_205.avi,cg,1
5,5_208.avi,cg,1
5,5_218.avi,cg,1
5,5_203.avi,cg,1
5,5_227.avi,cg,1
5,5_229.avi,cg,1
5,5_235.avi,cg,1
5,5_238.avi,cg,1
5,5_196.avi,cg,1
5,5_228.avi,cg,1
5,5_215.avi,cg,1
5,5_237.avi,cg,1
5,5_223.avi,cg,1
5,5_195.avi,cg,1
5,5_236.avi,cg,1
5,5_224.avi,cg,1
5,5_234.avi,cg,1
15,15_396.avi,mock,2
15,15_420.avi,mock,2
15,15_398.avi,mock,2
15,15_397.avi,mock,2
15,15_400.avi,mock,2
15,15_385.avi,mock,2
15,15_410.avi,mock,2
15,15_428.avi,mock,2
15,15_430.avi,mock,2
15,15_392.avi,mock,2
15,15_431.avi,mock,2
15,15_425.avi,mock,2
15,15_388.avi,mock,2
15,15_389.avi,mock,2
15,15_424.avi,mock,2
15,15_427.avi,mock,2
15,15_419.avi,mock,2
15,15_391.avi,mock,2
15,15_394.avi,mock,2
15,15_412.avi,mock,2
15,15_426.avi,mock,2
15,15_405.avi,mock,2
15,15_406.avi,mock,2
15,15_418.avi,mock,2
15,15_399.avi,mock,2
15,15_384.avi,mock,2
15,15_421.avi,mock,2
15,15_413.avi,mock,2
15,15_409.avi,mock,2
15,15_411.avi,mock,2
15,15_408.avi,mock,2
15,15_423.avi,mock,2
15,15_416.avi,mock,2
15,15_404.avi,mock,2
15,15_415.avi,mock,2
15,15_395.avi,mock,2
15,15_386.avi,mock,2
15,15_387.avi,mock,2
15,15_429.avi,mock,2
15,15_417.avi,mock,2
15,15_401.avi,mock,2
15,15_403.avi,mock,2
15,15_390.avi,mock,2
15,15_422.avi,mock,2
15,15_402.avi,mock,2
15,15_414.avi,mock,2
15,15_393.avi,mock,2
15,15_407.avi,mock,2
28,28_946.avi,cg,1
28,28_932.avi,cg,1
28,28_912.avi,cg,1
28,28_947.avi,cg,1
28,28_914.avi,cg,1
28,28_930.avi,cg,1
28,28_915.avi,cg,1
28,28_919.avi,cg,1
28,28_958.avi,cg,1
28,28_957.avi,cg,1
28,28_923.avi,cg,1
28,28_933.avi,cg,1
28,28_956.avi,cg,1
28,28_938.avi,cg,1
28,28_945.avi,cg,1
28,28_951.avi,cg,1
28,28_959.avi,cg,1
28,28_917.avi,cg,1
28,28_927.avi,cg,1
28,28_941.avi,cg,1
28,28_924.avi,cg,1
28,28_948.avi,cg,1
28,28_928.avi,cg,1
28,28_955.avi,cg,1
28,28_926.avi,cg,1
28,28_939.avi,cg,1
28,28_944.avi,cg,1
28,28_934.avi,cg,1
28,28_953.avi,cg,1
28,28_925.avi,cg,1
28,28_921.avi,cg,1
28,28_940.avi,cg,1
28,28_935.avi,cg,1
28,28_929.avi,cg,1
28,28_952.avi,cg,1
28,28_918.avi,cg,1
28,28_936.avi,cg,1
28,28_920.avi,cg,1
28,28_943.avi,cg,1
28,28_949.avi,cg,1
28,28_916.avi,cg,1
28,28_913.avi,cg,1
28,28_942.avi,cg,1
28,28_950.avi,cg,1
28,28_922.avi,cg,1
28,28_931.avi,cg,1
28,28_954.avi,cg,1
28,28_937.avi,cg,1
13,13_322.avi,ca,0
13,13_304.avi,ca,0
13,13_289.avi,ca,0
13,13_318.avi,ca,0
13,13_307.avi,ca,0
13,13_330.avi,ca,0
13,13_323.avi,ca,0
13,13_332.avi,ca,0
13,13_319.avi,ca,0
13,13_295.avi,ca,0
13,13_291.avi,ca,0
13,13_306.avi,ca,0
13,13_328.avi,ca,0
13,13_299.avi,ca,0
13,13_309.avi,ca,0
13,13_329.avi,ca,0
13,13_290.avi,ca,0
13,13_313.avi,ca,0
13,13_312.avi,ca,0
13,13_335.avi,ca,0
13,13_324.avi,ca,0
13,13_334.avi,ca,0
13,13_300.avi,ca,0
13,13_305.avi,ca,0
13,13_333.avi,ca,0
13,13_314.avi,ca,0
13,13_308.avi,ca,0
13,13_293.avi,ca,0
13,13_292.avi,ca,0
13,13_326.avi,ca,0
13,13_327.avi,ca,0
13,13_302.avi,ca,0
13,13_321.avi,ca,0
13,13_301.avi,ca,0
13,13_325.avi,ca,0
13,13_331.avi,ca,0
13,13_310.avi,ca,0
13,13_288.avi,ca,0
13,13_298.avi,ca,0
13,13_317.avi,ca,0
13,13_294.avi,ca,0
13,13_296.avi,ca,0
13,13_303.avi,ca,0
13,13_320.avi,ca,0
13,13_315.avi,ca,0
13,13_297.avi,ca,0
13,13_316.avi,ca,0
13,13_311.avi,ca,0
30,30_1051.avi,ca,0
30,30_1027.avi,ca,0
30,30_1015.avi,ca,0
30,30_1018.avi,ca,0
30,30_1041.avi,ca,0
30,30_1023.avi,ca,0
30,30_1043.avi,ca,0
30,30_1053.avi,ca,0
30,30_1025.avi,ca,0
30,30_1054.avi,ca,0
30,30_1044.avi,ca,0
30,30_1022.avi,ca,0
30,30_1031.avi,ca,0
30,30_1021.avi,ca,0
30,30_1024.avi,ca,0
30,30_1046.avi,ca,0
30,30_1047.avi,ca,0
30,30_1039.avi,ca,0
30,30_1048.avi,ca,0
30,30_1010.avi,ca,0
30,30_1026.avi,ca,0
30,30_1045.avi,ca,0
30,30_1042.avi,ca,0
30,30_1040.avi,ca,0
30,30_1019.avi,ca,0
30,30_1016.avi,ca,0
30,30_1049.avi,ca,0
30,30_1030.avi,ca,0
30,30_1020.avi,ca,0
30,30_1052.avi,ca,0
30,30_1050.avi,ca,0
30,30_1055.avi,ca,0
30,30_1034.avi,ca,0
30,30_1012.avi,ca,0
30,30_1008.avi,ca,0
30,30_1011.avi,ca,0
30,30_1014.avi,ca,0
30,30_1028.avi,ca,0
30,30_1017.avi,ca,0
30,30_1013.avi,ca,0
30,30_1032.avi,ca,0
30,30_1038.avi,ca,0
30,30_1035.avi,ca,0
30,30_1037.avi,ca,0
30,30_1029.avi,ca,0
30,30_1009.avi,ca,0
30,30_1033.avi,ca,0
30,30_1036.avi,ca,0
26,26_818.avi,mock,2
26,26_833.avi,mock,2
26,26_847.avi,mock,2
26,26_863.avi,mock,2
26,26_825.avi,mock,2
26,26_838.avi,mock,2
26,26_823.avi,mock,2
26,26_857.avi,mock,2
26,26_827.avi,mock,2
26,26_855.avi,mock,2
26,26_826.avi,mock,2
26,26_830.avi,mock,2
26,26_856.avi,mock,2
26,26_819.avi,mock,2
26,26_862.avi,mock,2
26,26_820.avi,mock,2
26,26_846.avi,mock,2
26,26_836.avi,mock,2
26,26_852.avi,mock,2
26,26_816.avi,mock,2
26,26_843.avi,mock,2
26,26_853.avi,mock,2
26,26_842.avi,mock,2
26,26_821.avi,mock,2
26,26_837.avi,mock,2
26,26_844.avi,mock,2
26,26_817.avi,mock,2
26,26_828.avi,mock,2
26,26_840.avi,mock,2
26,26_861.avi,mock,2
26,26_831.avi,mock,2
26,26_848.avi,mock,2
26,26_829.avi,mock,2
26,26_822.avi,mock,2
26,26_849.avi,mock,2
26,26_858.avi,mock,2
26,26_850.avi,mock,2
26,26_845.avi,mock,2
26,26_832.avi,mock,2
26,26_851.avi,mock,2
26,26_839.avi,mock,2
26,26_859.avi,mock,2
26,26_860.avi,mock,2
26,26_834.avi,mock,2
26,26_824.avi,mock,2
26,26_835.avi,mock,2
26,26_841.avi,mock,2
26,26_854.avi,mock,2
32,32_1142.avi,mock,2
32,32_1147.avi,mock,2
32,32_1141.avi,mock,2
32,32_1120.avi,mock,2
32,32_1115.avi,mock,2
32,32_1149.avi,mock,2
32,32_1106.avi,mock,2
32,32_1124.avi,mock,2
32,32_1123.avi,mock,2
32,32_1134.avi,mock,2
32,32_1135.avi,mock,2
32,32_1144.avi,mock,2
32,32_1128.avi,mock,2
32,32_1131.avi,mock,2
32,32_1143.avi,mock,2
32,32_1107.avi,mock,2
32,32_1110.avi,mock,2
32,32_1118.avi,mock,2
32,32_1130.avi,mock,2
32,32_1111.avi,mock,2
32,32_1136.avi,mock,2
32,32_1138.avi,mock,2
32,32_1126.avi,mock,2
32,32_1125.avi,mock,2
32,32_1129.avi,mock,2
32,32_1117.avi,mock,2
32,32_1119.avi,mock,2
32,32_1151.avi,mock,2
32,32_1109.avi,mock,2
32,32_1133.avi,mock,2
32,32_1148.avi,mock,2
32,32_1137.avi,mock,2
32,32_1132.avi,mock,2
32,32_1104.avi,mock,2
32,32_1113.avi,mock,2
32,32_1105.avi,mock,2
32,32_1114.avi,mock,2
32,32_1127.avi,mock,2
32,32_1139.avi,mock,2
32,32_1116.avi,mock,2
32,32_1150.avi,mock,2
32,32_1108.avi,mock,2
32,32_1146.avi,mock,2
32,32_1122.avi,mock,2
32,32_1121.avi,mock,2
32,32_1140.avi,mock,2
32,32_1112.avi,mock,2
32,32_1145.avi,mock,2
4,4_176.avi,ca,0
4,4_161.avi,ca,0
4,4_180.avi,ca,0
4,4_187.avi,ca,0
4,4_154.avi,ca,0
4,4_149.avi,ca,0
4,4_158.avi,ca,0
4,4_182.avi,ca,0
4,4_179.avi,ca,0
4,4_170.avi,ca,0
4,4_169.avi,ca,0
4,4_178.avi,ca,0
4,4_153.avi,ca,0
4,4_189.avi,ca,0
4,4_152.avi,ca,0
4,4_173.avi,ca,0
4,4_181.avi,ca,0
4,4_156.avi,ca,0
4,4_165.avi,ca,0
4,4_183.avi,ca,0
4,4_166.avi,ca,0
4,4_148.avi,ca,0
4,4_175.avi,ca,0
4,4_188.avi,ca,0
4,4_164.avi,ca,0
4,4_174.avi,ca,0
4,4_191.avi,ca,0
4,4_144.avi,ca,0
4,4_163.avi,ca,0
4,4_168.avi,ca,0
4,4_147.avi,ca,0
4,4_145.avi,ca,0
4,4_162.avi,ca,0
4,4_171.avi,ca,0
4,4_177.avi,ca,0
4,4_184.avi,ca,0
4,4_186.avi,ca,0
4,4_150.avi,ca,0
4,4_160.avi,ca,0
4,4_157.avi,ca,0
4,4_172.avi,ca,0
4,4_190.avi,ca,0
4,4_155.avi,ca,0
4,4_146.avi,ca,0
4,4_167.avi,ca,0
4,4_151.avi,ca,0
4,4_185.avi,ca,0
4,4_159.avi,ca,0
22,22_637.avi,cg,1
22,22_628.avi,cg,1
22,22_632.avi,cg,1
22,22_634.avi,cg,1
22,22_653.avi,cg,1
22,22_668.avi,cg,1
22,22_665.avi,cg,1
22,22_631.avi,cg,1
22,22_656.avi,cg,1
22,22_669.avi,cg,1
22,22_641.avi,cg,1
22,22_666.avi,cg,1
22,22_627.avi,cg,1
22,22_659.avi,cg,1
22,22_626.avi,cg,1
22,22_635.avi,cg,1
22,22_660.avi,cg,1
22,22_638.avi,cg,1
22,22_642.avi,cg,1
22,22_624.avi,cg,1
22,22_647.avi,cg,1
22,22_658.avi,cg,1
22,22_630.avi,cg,1
22,22_629.avi,cg,1
22,22_633.avi,cg,1
22,22_640.avi,cg,1
22,22_662.avi,cg,1
22,22_649.avi,cg,1
22,22_652.avi,cg,1
22,22_650.avi,cg,1
22,22_636.avi,cg,1
22,22_667.avi,cg,1
22,22_625.avi,cg,1
22,22_661.avi,cg,1
22,22_655.avi,cg,1
22,22_639.avi,cg,1
22,22_670.avi,cg,1
22,22_646.avi,cg,1
22,22_648.avi,cg,1
22,22_644.avi,cg,1
22,22_654.avi,cg,1
22,22_664.avi,cg,1
22,22_663.avi,cg,1
22,22_671.avi,cg,1
22,22_657.avi,cg,1
22,22_645.avi,cg,1
22,22_643.avi,cg,1
22,22_651.avi,cg,1
29,29_974.avi,mock,2
29,29_1004.avi,mock,2
29,29_987.avi,mock,2
29,29_1005.avi,mock,2
29,29_962.avi,mock,2
29,29_986.avi,mock,2
29,29_965.avi,mock,2
29,29_998.avi,mock,2
29,29_976.avi,mock,2
29,29_973.avi,mock,2
29,29_981.avi,mock,2
29,29_994.avi,mock,2
29,29_988.avi,mock,2
29,29_980.avi,mock,2
29,29_971.avi,mock,2
29,29_990.avi,mock,2
29,29_982.avi,mock,2
29,29_964.avi,mock,2
29,29_970.avi,mock,2
29,29_968.avi,mock,2
29,29_991.avi,mock,2
29,29_984.avi,mock,2
29,29_972.avi,mock,2
29,29_966.avi,mock,2
29,29_997.avi,mock,2
29,29_992.avi,mock,2
29,29_969.avi,mock,2
29,29_975.avi,mock,2
29,29_978.avi,mock,2
29,29_961.avi,mock,2
29,29_985.avi,mock,2
29,29_993.avi,mock,2
29,29_1007.avi,mock,2
29,29_983.avi,mock,2
29,29_967.avi,mock,2
29,29_1000.avi,mock,2
29,29_979.avi,mock,2
29,29_989.avi,mock,2
29,29_977.avi,mock,2
29,29_1003.avi,mock,2
29,29_1001.avi,mock,2
29,29_1002.avi,mock,2
29,29_960.avi,mock,2
29,29_963.avi,mock,2
29,29_996.avi,mock,2
29,29_1006.avi,mock,2
29,29_999.avi,mock,2
29,29_995.avi,mock,2
1,1_40.avi,ca,0
1,1_9.avi,ca,0
1,1_17.avi,ca,0
1,1_42.avi,ca,0
1,1_45.avi,ca,0
1,1_8.avi,ca,0
1,1_22.avi,ca,0
1,1_15.avi,ca,0
1,1_43.avi,ca,0
1,1_13.avi,ca,0
1,1_31.avi,ca,0
1,1_44.avi,ca,0
1,1_30.avi,ca,0
1,1_20.avi,ca,0
1,1_12.avi,ca,0
1,1_32.avi,ca,0
1,1_16.avi,ca,0
1,1_24.avi,ca,0
1,1_27.avi,ca,0
1,1_23.avi,ca,0
1,1_18.avi,ca,0
1,1_5.avi,ca,0
1,1_2.avi,ca,0
1,1_37.avi,ca,0
1,1_34.avi,ca,0
1,1_0.avi,ca,0
1,1_47.avi,ca,0
1,1_26.avi,ca,0
1,1_3.avi,ca,0
1,1_35.avi,ca,0
1,1_21.avi,ca,0
1,1_14.avi,ca,0
1,1_46.avi,ca,0
1,1_33.avi,ca,0
1,1_6.avi,ca,0
1,1_29.avi,ca,0
1,1_10.avi,ca,0
1,1_41.avi,ca,0
1,1_36.avi,ca,0
1,1_28.avi,ca,0
1,1_7.avi,ca,0
1,1_11.avi,ca,0
1,1_19.avi,ca,0
1,1_38.avi,ca,0
1,1_4.avi,ca,0
1,1_39.avi,ca,0
1,1_25.avi,ca,0
1,1_1.avi,ca,0
33,33_1172.avi,ca,0
33,33_1198.avi,ca,0
33,33_1163.avi,ca,0
33,33_1178.avi,ca,0
33,33_1175.avi,ca,0
33,33_1158.avi,ca,0
33,33_1184.avi,ca,0
33,33_1162.avi,ca,0
33,33_1196.avi,ca,0
33,33_1159.avi,ca,0
33,33_1168.avi,ca,0
33,33_1179.avi,ca,0
33,33_1171.avi,ca,0
33,33_1153.avi,ca,0
33,33_1182.avi,ca,0
33,33_1197.avi,ca,0
33,33_1174.avi,ca,0
33,33_1195.avi,ca,0
33,33_1169.avi,ca,0
33,33_1164.avi,ca,0
33,33_1199.avi,ca,0
33,33_1152.avi,ca,0
33,33_1157.avi,ca,0
33,33_1189.avi,ca,0
33,33_1181.avi,ca,0
33,33_1165.avi,ca,0
33,33_1160.avi,ca,0
33,33_1191.avi,ca,0
33,33_1186.avi,ca,0
33,33_1156.avi,ca,0
33,33_1185.avi,ca,0
33,33_1161.avi,ca,0
33,33_1180.avi,ca,0
33,33_1190.avi,ca,0
33,33_1183.avi,ca,0
33,33_1187.avi,ca,0
33,33_1188.avi,ca,0
33,33_1167.avi,ca,0
33,33_1193.avi,ca,0
33,33_1177.avi,ca,0
33,33_1154.avi,ca,0
33,33_1194.avi,ca,0
33,33_1170.avi,ca,0
33,33_1155.avi,ca,0
33,33_1176.avi,ca,0
33,33_1173.avi,ca,0
33,33_1166.avi,ca,0
33,33_1192.avi,ca,0
31,31_1101.avi,cg,1
31,31_1057.avi,cg,1
31,31_1089.avi,cg,1
31,31_1066.avi,cg,1
31,31_1075.avi,cg,1
31,31_1097.avi,cg,1
31,31_1070.avi,cg,1
31,31_1058.avi,cg,1
31,31_1083.avi,cg,1
31,31_1078.avi,cg,1
31,31_1093.avi,cg,1
31,31_1067.avi,cg,1
31,31_1060.avi,cg,1
31,31_1079.avi,cg,1
31,31_1092.avi,cg,1
31,31_1099.avi,cg,1
31,31_1073.avi,cg,1
31,31_1100.avi,cg,1
31,31_1056.avi,cg,1
31,31_1085.avi,cg,1
31,31_1087.avi,cg,1
31,31_1076.avi,cg,1
31,31_1091.avi,cg,1
31,31_1090.avi,cg,1
31,31_1102.avi,cg,1
31,31_1084.avi,cg,1
31,31_1068.avi,cg,1
31,31_1064.avi,cg,1
31,31_1094.avi,cg,1
31,31_1065.avi,cg,1
31,31_1095.avi,cg,1
31,31_1071.avi,cg,1
31,31_1061.avi,cg,1
31,31_1098.avi,cg,1
31,31_1086.avi,cg,1
31,31_1072.avi,cg,1
31,31_1096.avi,cg,1
31,31_1081.avi,cg,1
31,31_1080.avi,cg,1
31,31_1103.avi,cg,1
31,31_1082.avi,cg,1
31,31_1077.avi,cg,1
31,31_1062.avi,cg,1
31,31_1059.avi,cg,1
31,31_1069.avi,cg,1
31,31_1063.avi,cg,1
31,31_1088.avi,cg,1
31,31_1074.avi,cg,1
